Time,Open,High,Low,Close,TickVolume,Spread,RealVolume
2025.09.15 00:00:00,58.4,60.11,57.89,59.41,5084,0,219221
2025.09.14 00:00:00,58.06,58.48,58.04,58.25,366,1,5557
2025.09.13 00:00:00,58.26,58.26,58.05,58.06,336,1,2764
2025.09.12 00:00:00,58.9,59.4,58.01,58.24,3833,0,107895
2025.09.11 00:00:00,59.73,59.83,58.59,58.65,8480,0,79669
2025.09.10 00:00:00,59.35,60.2,59.11,59.66,3956,0,140538
2025.09.09 00:00:00,59.95,60.15,58.99,59.25,5098,0,131095
2025.09.08 00:00:00,60.6,61.05,59.46,59.95,10039,0,173684
2025.09.07 00:00:00,60.45,60.75,60.39,60.45,584,0,15374
2025.09.06 00:00:00,60.49,60.86,60.33,60.33,959,0,25598
2025.09.05 00:00:00,63.37,64.08,59.91,60.54,13894,0,573653
2025.09.04 00:00:00,63.51,64.49,62.5,63.4,3039,0,88175
2025.09.03 00:00:00,63.29,63.78,62.19,63.7,3206,0,88053
2025.09.02 00:00:00,64.21,64.84,62.59,63.26,3897,0,149767
2025.09.01 00:00:00,65.09,66.04,63.97,64.41,5343,0,160443
2025.08.31 00:00:00,64.75,65.3,64.44,65.3,386,1,6543
2025.08.30 00:00:00,64.59,65.27,64.59,64.76,491,0,10468
2025.08.29 00:00:00,64.38,65.5,63.8,64.89,3043,0,115415
2025.08.28 00:00:00,65.0,66.62,63.0,64.12,5212,0,154243
2025.08.27 00:00:00,63.7,65.1,63.0,64.89,3775,0,151639
2025.08.26 00:00:00,63.43,65.19,63.15,63.34,4627,0,187170
2025.08.25 00:00:00,62.4,63.55,61.31,63.28,3639,0,112207
2025.08.24 00:00:00,63.34,63.7,61.4,62.47,2265,0,74885
2025.08.23 00:00:00,62.8,64.02,62.8,63.7,534,0,9524
2025.08.22 00:00:00,63.05,63.73,62.63,63.06,2933,1,86287
2025.08.21 00:00:00,64.49,64.99,62.65,62.71,3847,1,126223
2025.08.20 00:00:00,65.47,66.06,64.1,64.49,4544,0,190296
2025.08.19 00:00:00,64.85,67.05,64.66,65.48,9124,0,387194
2025.08.18 00:00:00,63.37,65.13,63.14,64.77,5673,0,209865
2025.08.17 00:00:00,63.38,63.38,63.14,63.14,419,0,19046
2025.08.16 00:00:00,63.0,63.5,63.0,63.15,1222,0,65605
2025.08.15 00:00:00,65.07,65.5,63.2,63.7,7195,0,235086
2025.08.14 00:00:00,64.48,65.29,62.44,65.07,12176,0,512002
2025.08.13 00:00:00,63.22,65.61,63.0,64.5,16376,0,656573
2025.08.12 00:00:00,62.96,63.5,61.8,63.22,6666,0,241089
2025.08.11 00:00:00,61.41,63.45,61.4,63.1,9728,0,352564
2025.08.08 00:00:00,60.01,61.2,60.0,61.05,3124,0,95900
2025.08.07 00:00:00,59.49,61.22,59.01,60.02,5431,0,187088
2025.08.06 00:00:00,58.38,60.32,58.09,59.48,5416,1,214173
2025.08.05 00:00:00,58.36,58.63,57.55,58.27,4966,0,189703
2025.08.04 00:00:00,58.63,59.19,57.83,58.37,4445,0,167200
2025.08.01 00:00:00,59.06,59.35,58.21,58.54,1739,0,57106
2025.07.31 00:00:00,59.0,59.68,58.8,58.85,1524,0,36568
2025.07.30 00:00:00,58.79,59.11,58.79,58.96,1337,1,35674
2025.07.29 00:00:00,59.47,59.77,58.8,58.81,1920,0,45955
2025.07.28 00:00:00,58.69,60.47,58.4,59.39,5232,0,185845
2025.07.27 00:00:00,58.31,58.89,58.02,58.85,446,1,11017
2025.07.26 00:00:00,58.74,58.91,57.97,58.27,710,1,11098
2025.07.25 00:00:00,59.32,59.87,58.52,58.67,6019,0,115440
2025.07.24 00:00:00,60.0,60.0,58.5,59.3,7143,1,184486
2025.07.23 00:00:00,60.89,61.67,58.91,59.99,7549,0,265174
2025.07.22 00:00:00,60.48,61.41,59.8,61.0,4163,0,181907
2025.07.21 00:00:00,58.24,60.65,58.23,60.49,6186,0,234313
2025.07.20 00:00:00,58.26,58.53,58.25,58.48,415,0,8913
2025.07.19 00:00:00,57.98,58.47,57.97,58.31,721,1,16103
2025.07.18 00:00:00,56.85,58.03,56.85,57.96,3624,0,108192
2025.07.17 00:00:00,59.08,59.66,56.57,56.9,7601,0,271782
2025.07.16 00:00:00,55.66,59.99,55.09,59.25,6529,0,329674
2025.07.15 00:00:00,56.12,56.44,55.53,55.63,2435,0,77830
2025.07.14 00:00:00,53.93,56.29,52.15,56.15,5223,0,222862
2025.07.13 00:00:00,54.0,54.18,53.67,53.93,273,0,8995
2025.07.12 00:00:00,53.88,54.4,53.74,53.94,287,1,7872
2025.07.11 00:00:00,54.89,54.89,53.28,53.99,3680,0,119828
2025.07.10 00:00:00,55.43,55.5,54.32,54.65,3137,1,110684
2025.07.09 00:00:00,55.76,56.5,53.0,55.26,8262,0,355028
2025.07.08 00:00:00,56.63,57.8,55.21,55.32,4749,0,181442
2025.07.07 00:00:00,57.29,57.45,56.4,56.67,3922,1,79190
2025.07.06 00:00:00,57.51,57.51,57.3,57.3,218,1,3289
2025.07.05 00:00:00,57.62,57.78,57.39,57.51,369,0,5577
2025.07.04 00:00:00,58.8,58.8,57.0,57.51,5863,0,123927
2025.07.03 00:00:00,59.19,59.6,58.57,58.93,2598,1,79357
2025.07.02 00:00:00,59.21,59.71,58.32,58.84,6520,0,211517
2025.07.01 00:00:00,61.16,61.78,59.1,59.21,13460,0,779417
2025.06.30 00:00:00,59.5,61.64,59.12,61.03,20818,0,783012
2025.06.29 00:00:00,59.52,59.58,59.29,59.3,987,1,42473
2025.06.28 00:00:00,59.54,59.89,59.28,59.56,1370,0,58578
2025.06.27 00:00:00,56.22,59.9,55.88,59.77,30008,0,1168053
2025.06.26 00:00:00,55.98,56.46,55.61,56.18,5926,0,189683
2025.06.25 00:00:00,57.63,57.9,55.77,55.83,9192,0,255101
2025.06.24 00:00:00,56.01,57.75,55.76,57.54,9470,0,311071
2025.06.23 00:00:00,59.27,59.57,56.07,56.07,18956,0,606064
2025.06.20 00:00:00,61.5,61.8,58.83,59.04,20255,0,683850
2025.06.19 00:00:00,65.57,65.63,61.08,61.45,26305,0,1572366
2025.06.18 00:00:00,66.78,66.79,65.08,65.57,4918,0,167758
2025.06.17 00:00:00,66.53,67.56,65.04,66.27,9263,0,345557
2025.06.16 00:00:00,68.31,68.64,65.27,66.6,9669,0,408678
2025.06.15 00:00:00,67.84,68.8,67.0,68.48,4202,0,107862
2025.06.14 00:00:00,66.89,67.9,66.14,67.9,1512,1,38911
2025.06.13 00:00:00,67.09,69.0,65.69,66.96,6178,1,250704
2025.06.11 00:00:00,63.64,67.64,62.77,67.12,28662,0,955492
2025.06.10 00:00:00,59.39,64.2,59.14,63.64,30334,0,936120
2025.06.09 00:00:00,59.26,59.45,57.71,59.39,3569,0,72854
2025.06.08 00:00:00,59.23,59.23,58.82,59.13,219,0,3168
2025.06.07 00:00:00,59.01,59.25,59.01,59.24,399,0,3936
2025.06.06 00:00:00,59.73,62.66,58.42,58.74,3295,1,192025
2025.06.05 00:00:00,59.0,60.34,58.97,59.49,2155,1,59049
2025.06.04 00:00:00,59.65,60.57,58.71,59.02,3556,0,101369
2025.06.03 00:00:00,59.1,60.2,58.86,59.49,7901,0,74468
2025.06.02 00:00:00,57.61,59.42,57.21,59.01,9015,0,97821
2025.06.01 00:00:00,59.16,59.16,57.61,57.64,1582,0,57920
2025.05.31 00:00:00,59.18,59.63,58.97,59.01,432,0,9301
2025.05.30 00:00:00,59.8,60.29,58.9,59.31,5516,0,192659
2025.05.29 00:00:00,61.35,61.56,59.54,59.6,3696,0,114887
2025.05.28 00:00:00,60.82,61.59,60.6,61.4,3307,0,133101
2025.05.27 00:00:00,58.81,61.17,57.09,60.52,5580,0,162505
2025.05.26 00:00:00,61.23,61.35,58.0,58.81,7431,0,260714
2025.05.23 00:00:00,62.04,62.34,61.11,61.46,2329,0,67606
2025.05.22 00:00:00,62.13,62.6,60.7,62.06,4181,1,132569
2025.05.21 00:00:00,62.09,62.7,61.7,62.42,2577,0,80395
2025.05.20 00:00:00,62.6,62.88,61.45,61.86,4209,0,148151
2025.05.19 00:00:00,63.9,64.05,62.1,62.52,4049,0,84771
2025.05.18 00:00:00,64.01,64.29,63.53,63.87,1089,1,27393
2025.05.17 00:00:00,62.38,63.32,61.83,63.11,814,1,19321
2025.05.16 00:00:00,61.7,63.0,60.53,62.38,7088,0,189448
2025.05.15 00:00:00,62.2,63.0,60.93,61.57,6393,1,195599
2025.05.14 00:00:00,64.04,64.27,62.05,62.2,4211,1,113319
2025.05.13 00:00:00,64.2,64.62,63.13,64.16,3270,0,67992
2025.05.12 00:00:00,63.75,65.7,63.36,64.2,5685,0,210740
2025.05.11 00:00:00,62.9,63.75,62.29,63.41,2083,0,69573
2025.05.10 00:00:00,61.87,62.0,61.49,61.87,674,0,9454
2025.05.08 00:00:00,61.79,62.86,60.85,62.09,3646,0,92016
2025.05.07 00:00:00,61.8,63.4,61.09,61.82,7160,0,237513
2025.05.06 00:00:00,60.19,62.58,58.8,61.8,8386,0,295693
2025.05.05 00:00:00,61.76,61.91,59.07,60.19,11574,0,379901
2025.05.04 00:00:00,61.05,62.2,60.54,61.49,1371,0,30193
2025.05.03 00:00:00,61.1,61.72,61.04,61.05,589,0,21760
2025.05.02 00:00:00,63.54,63.67,60.94,61.21,10320,0,391830
2025.04.30 00:00:00,63.55,63.87,61.9,63.81,7366,0,294702
2025.04.29 00:00:00,64.02,64.5,61.9,63.39,7835,0,337591
2025.04.28 00:00:00,65.73,65.93,62.91,63.9,14889,0,495155
2025.04.27 00:00:00,65.48,66.29,65.48,66.01,1548,0,55139
2025.04.26 00:00:00,65.04,65.87,64.92,65.48,1492,0,73491
2025.04.25 00:00:00,63.33,66.49,63.0,65.02,8661,0,325680
2025.04.24 00:00:00,63.1,63.84,62.54,63.2,4118,0,118825
2025.04.23 00:00:00,64.25,64.79,61.6,63.1,8090,0,336763
2025.04.22 00:00:00,61.7,65.0,61.2,64.0,14378,0,604316
2025.04.21 00:00:00,60.27,62.0,59.52,61.67,15709,0,654755
2025.04.18 00:00:00,58.1,58.99,56.95,58.74,6750,0,261590
2025.04.17 00:00:00,55.29,59.37,55.29,59.2,9780,0,411980
2025.04.16 00:00:00,55.3,56.0,53.92,55.31,11641,0,271819
2025.04.15 00:00:00,55.18,56.52,54.73,55.31,5929,1,212278
2025.04.14 00:00:00,56.3,57.28,54.94,55.08,10827,0,325785
2025.04.11 00:00:00,53.93,55.9,53.9,55.48,7016,0,243354
2025.04.10 00:00:00,54.42,55.95,52.72,53.9,8563,0,309577
2025.04.09 00:00:00,50.67,54.41,48.0,54.29,15899,0,723318
2025.04.08 00:00:00,53.04,55.4,49.9,50.67,12939,0,537417
2025.04.07 00:00:00,54.41,54.75,48.5,53.04,21166,0,1012782
2025.04.04 00:00:00,60.53,60.58,55.0,55.17,15111,0,574928
2025.04.03 00:00:00,60.6,61.67,58.94,59.99,9788,0,341861
2025.04.02 00:00:00,57.74,60.81,57.07,60.34,11522,0,459188
2025.04.01 00:00:00,61.0,62.49,57.27,57.74,9758,0,318451
2025.03.31 00:00:00,60.97,61.54,58.1,60.71,13562,0,532399
2025.03.28 00:00:00,64.38,64.4,61.27,62.06,14665,0,379187
2025.03.27 00:00:00,67.02,67.02,63.63,64.38,15835,0,626902
2025.03.26 00:00:00,68.51,70.08,67.0,67.0,8805,0,333351
2025.03.25 00:00:00,68.37,69.18,66.83,68.46,7750,0,295346
2025.03.24 00:00:00,67.48,69.44,67.44,68.08,7140,0,239421
2025.03.21 00:00:00,68.19,68.7,67.1,67.22,4367,0,148016
2025.03.20 00:00:00,68.78,69.31,67.56,68.07,8322,0,116773
2025.03.19 00:00:00,68.29,69.0,67.5,68.6,5031,0,190403
2025.03.18 00:00:00,70.03,70.08,68.12,68.35,5709,0,181640
2025.03.17 00:00:00,70.12,71.0,69.2,69.7,8446,0,260306
2025.03.14 00:00:00,68.0,69.68,67.92,69.4,5828,0,163833
2025.03.13 00:00:00,67.19,69.39,66.51,68.16,12366,1,260588
2025.03.12 00:00:00,67.89,68.98,65.81,67.94,32172,0,1019243
2025.03.11 00:00:00,68.1,69.8,67.41,68.31,8106,0,327123
2025.03.10 00:00:00,68.9,69.42,68.0,68.1,3639,0,118157
2025.03.07 00:00:00,69.8,70.57,66.25,68.9,10296,0,369777
2025.03.06 00:00:00,69.47,70.0,68.4,69.51,7679,0,257136
2025.03.05 00:00:00,70.92,72.28,68.1,69.19,16201,0,432625
2025.03.04 00:00:00,68.28,71.96,67.78,70.9,16190,0,700624
2025.03.03 00:00:00,67.45,68.6,66.0,67.86,7096,0,242289
2025.02.28 00:00:00,67.97,69.5,65.7,68.84,12236,0,480350
2025.02.27 00:00:00,68.75,69.68,67.11,67.6,8278,0,390056
2025.02.26 00:00:00,71.89,73.1,68.5,68.83,12292,0,515085
2025.02.25 00:00:00,72.99,73.0,70.48,71.7,13848,0,449652
2025.02.24 00:00:00,69.48,72.88,68.73,72.5,25763,0,837024
2025.02.21 00:00:00,69.24,70.5,67.83,69.09,7468,0,359124
2025.02.20 00:00:00,68.85,71.4,67.55,69.06,19447,0,983570
2025.02.19 00:00:00,64.39,69.48,63.18,68.9,21745,0,1135484
2025.02.18 00:00:00,67.5,67.87,62.36,63.88,17173,0,719478
2025.02.17 00:00:00,64.72,68.8,64.37,68.34,31666,0,1119925
2025.02.14 00:00:00,65.65,66.81,62.0,63.69,14546,0,575798
2025.02.13 00:00:00,66.42,66.96,63.06,64.68,11674,0,324404
2025.02.12 00:00:00,63.57,66.7,62.72,65.96,18245,0,631420
2025.02.11 00:00:00,62.58,63.84,62.14,63.3,5602,0,185072
2025.02.10 00:00:00,64.21,64.39,61.65,62.15,13727,0,309126
2025.02.07 00:00:00,64.56,64.56,62.5,63.44,7056,1,286314
2025.02.06 00:00:00,63.03,67.68,62.26,64.05,38108,0,1814221
2025.02.05 00:00:00,59.36,63.47,58.33,63.09,11357,0,452736
2025.02.04 00:00:00,61.09,61.43,59.34,59.54,4904,0,174343
2025.02.03 00:00:00,61.0,61.26,59.72,61.06,6606,0,214937
2025.01.31 00:00:00,63.68,64.2,59.96,61.27,12336,0,527726
2025.01.30 00:00:00,61.66,63.54,61.1,63.36,9672,0,407345
2025.01.29 00:00:00,61.32,62.21,60.13,61.22,6841,0,278637
2025.01.28 00:00:00,58.82,62.08,58.55,61.73,9898,0,403613
2025.01.27 00:00:00,60.51,60.65,58.51,59.04,10419,0,387315
2025.01.24 00:00:00,61.21,62.6,59.8,60.86,9715,0,360880
2025.01.23 00:00:00,59.68,62.0,58.56,61.51,13185,0,542834
2025.01.22 00:00:00,61.4,63.0,59.52,59.79,19992,0,706590
2025.01.21 00:00:00,61.17,61.82,58.23,61.55,15830,0,616793
2025.01.20 00:00:00,64.04,64.68,60.13,61.18,27785,0,957582
2025.01.17 00:00:00,61.3,64.7,60.7,63.5,16923,0,840181
2025.01.16 00:00:00,61.37,62.9,60.04,61.44,15643,0,613655
2025.01.15 00:00:00,59.12,61.86,58.13,61.38,11595,0,585475
2025.01.14 00:00:00,58.1,59.97,57.07,59.14,11009,0,471491
2025.01.13 00:00:00,59.74,61.0,57.66,58.42,12881,0,792998
2025.01.10 00:00:00,54.86,59.35,54.66,59.18,21418,0,1118376
2025.01.09 00:00:00,56.81,57.47,54.83,54.85,13736,0,583261
2025.01.08 00:00:00,58.13,58.75,56.2,56.91,14034,0,670666
2025.01.06 00:00:00,57.9,58.39,56.83,58.12,7435,0,356195
2025.01.03 00:00:00,61.92,62.38,58.53,59.14,17332,0,849810
2024.12.30 00:00:00,56.5,62.47,56.25,62.4,28503,0,1564813
2024.12.28 00:00:00,53.7,56.34,53.0,55.79,24497,0,1594729
2024.12.27 00:00:00,48.82,53.66,48.42,53.51,34797,0,1910477
2024.12.26 00:00:00,48.88,49.94,48.0,48.86,11964,0,718286
2024.12.25 00:00:00,45.3,49.9,44.83,48.85,37512,0,1919048
2024.12.24 00:00:00,45.37,45.65,44.05,45.48,6181,0,391685
2024.12.23 00:00:00,45.81,47.48,44.89,45.15,9573,0,518538
2024.12.20 00:00:00,41.59,46.33,41.03,45.66,11421,0,712221
2024.12.19 00:00:00,41.5,42.96,41.0,41.77,5052,0,234590
2024.12.18 00:00:00,41.0,41.67,40.64,41.36,3771,0,191932
2024.12.17 00:00:00,40.92,41.2,40.51,40.97,3912,0,169113
2024.12.16 00:00:00,41.48,41.69,40.52,40.84,5890,0,264715
2024.12.13 00:00:00,40.55,42.03,40.11,41.8,13155,1,439532
2024.12.12 00:00:00,42.15,42.39,40.5,40.65,9803,0,387328
2024.12.11 00:00:00,41.94,42.27,41.2,42.07,6091,0,236393
2024.12.10 00:00:00,42.98,43.01,41.94,42.12,4679,0,181043
2024.12.09 00:00:00,43.23,43.7,42.3,43.1,4071,0,165715
2024.12.06 00:00:00,43.09,43.45,42.3,42.58,4267,0,173568
2024.12.05 00:00:00,42.07,43.45,41.5,43.11,7128,0,331019
2024.12.04 00:00:00,44.2,44.47,41.18,42.08,7687,0,353443
2024.12.03 00:00:00,46.12,46.41,44.12,44.22,5077,0,185930
2024.12.02 00:00:00,45.27,46.69,44.83,46.11,5429,0,239696
2024.11.29 00:00:00,44.15,45.6,43.58,44.83,5534,0,316382
2024.11.28 00:00:00,44.4,44.8,43.22,44.25,4585,0,223571
2024.11.27 00:00:00,43.46,44.3,40.71,44.09,11873,0,673568
2024.11.26 00:00:00,45.16,45.31,43.01,43.46,8566,0,440604
2024.11.25 00:00:00,44.79,45.5,44.13,45.28,7321,0,391349
2024.11.22 00:00:00,45.51,45.63,44.43,44.79,3758,0,186954
2024.11.21 00:00:00,45.85,46.2,44.09,45.7,10735,0,622724
2024.11.20 00:00:00,45.38,46.6,45.17,45.91,11175,0,432710
2024.11.19 00:00:00,46.79,46.86,44.96,45.16,7170,0,351446
2024.11.18 00:00:00,45.0,47.5,44.52,46.51,12236,0,758228
2024.11.15 00:00:00,47.8,48.81,47.51,48.63,4728,0,215893
2024.11.14 00:00:00,48.54,48.77,47.21,47.5,5890,0,303777
2024.11.13 00:00:00,49.0,50.0,47.87,48.53,11182,0,589740
2024.11.12 00:00:00,49.09,50.13,48.58,49.05,8040,0,434577
2024.11.11 00:00:00,50.23,50.69,48.47,49.1,1754,1,948421
2024.11.08 00:00:00,46.24,49.95,46.0,49.91,811,1,3912370
2024.11.07 00:00:00,44.89,45.92,44.21,45.68,535,1,167985
2024.11.06 00:00:00,44.64,46.21,44.19,44.87,609,1,316298
2024.11.05 00:00:00,44.21,44.94,43.54,44.23,555,1,161793
2024.11.02 00:00:00,43.93,44.36,43.68,44.2,461,1,60832
2024.11.01 00:00:00,43.3,44.3,42.95,43.94,581,1,142740
2024.10.31 00:00:00,43.82,44.5,42.94,43.28,651,1,292745
2024.10.30 00:00:00,44.19,44.99,43.7,44.03,658,1,270924
2024.10.29 00:00:00,43.3,45.0,42.97,43.89,725,1,453384
2024.10.28 00:00:00,42.5,43.44,41.53,43.4,737,1,722114
2024.10.25 00:00:00,44.9,45.2,42.43,43.0,747,1,584171
2024.10.24 00:00:00,44.05,45.24,43.9,44.88,676,1,253515
2024.10.23 00:00:00,44.61,45.32,43.88,44.16,768,1,421424
2024.10.22 00:00:00,46.68,46.85,44.67,44.72,767,1,610056
2024.10.21 00:00:00,47.22,47.7,46.54,46.71,660,1,239971
2024.10.18 00:00:00,47.72,48.04,46.64,47.14,609,1,211081
2024.10.17 00:00:00,48.3,48.48,47.52,47.81,610,1,152273
2024.10.16 00:00:00,49.23,50.32,47.79,48.3,651,1,716396
2024.10.15 00:00:00,47.6,49.06,47.34,49.06,741,1,576883
2024.10.14 00:00:00,47.04,48.28,46.5,47.55,709,1,381484
2024.10.11 00:00:00,47.05,47.48,46.74,47.09,596,1,113292
2024.10.10 00:00:00,47.78,47.96,46.78,47.16,657,1,169319
2024.10.09 00:00:00,48.0,48.05,47.08,47.6,632,1,150614
2024.10.08 00:00:00,48.28,48.32,47.5,47.98,650,1,220123
2024.10.07 00:00:00,49.5,49.63,47.71,48.35,728,1,462780
2024.10.04 00:00:00,48.39,49.5,47.82,49.48,695,1,546249
2024.10.03 00:00:00,47.54,48.28,46.31,48.26,732,1,552362
2024.10.02 00:00:00,48.8,49.29,47.2,47.6,724,1,612035
2024.10.01 00:00:00,49.62,50.62,48.6,48.68,754,1,578805
2024.09.30 00:00:00,50.47,52.1,49.37,49.73,734,1,826598
2024.09.27 00:00:00,49.52,50.53,48.98,50.38,686,1,429414
2024.09.26 00:00:00,48.4,49.78,48.03,49.45,743,1,692057
2024.09.25 00:00:00,50.24,50.34,48.43,48.73,806,1,1398880
2024.09.24 00:00:00,51.5,51.9,49.43,50.39,771,1,892356
2024.09.23 00:00:00,52.0,52.4,50.99,51.4,772,1,647038
2024.09.20 00:00:00,50.74,52.19,50.61,51.54,727,1,621188
2024.09.19 00:00:00,50.96,51.37,50.32,50.59,699,1,550333
2024.09.18 00:00:00,53.4,53.46,50.88,51.19,770,1,810127
2024.09.17 00:00:00,51.39,53.59,50.5,53.39,770,1,1209019
2024.09.16 00:00:00,49.28,51.32,49.21,51.16,763,1,750439
2024.09.13 00:00:00,48.23,49.28,46.3,49.03,731,1,1041774
2024.09.12 00:00:00,48.68,49.24,47.15,48.37,746,1,762207
2024.09.11 00:00:00,49.67,51.15,47.8,49.18,787,1,1727216
2024.09.10 00:00:00,50.09,50.42,48.22,49.69,787,1,1819265
2024.09.09 00:00:00,45.64,50.44,45.5,50.43,809,1,2603085
2024.09.06 00:00:00,46.3,46.3,44.9,45.48,725,1,431105
2024.09.05 00:00:00,48.2,48.3,45.25,45.87,772,1,1116809
2024.09.04 00:00:00,44.3,47.53,43.5,46.75,800,1,1544578
2024.09.03 00:00:00,43.9,45.89,42.29,44.55,800,1,2331093
2024.09.02 00:00:00,42.79,45.37,41.65,43.6,811,1,4542829
2024.08.30 00:00:00,52.5,53.39,41.0,42.52,783,1,8206272
2024.08.29 00:00:00,60.93,61.23,53.81,53.82,706,1,834279
2024.08.28 00:00:00,60.51,61.2,58.26,60.94,706,1,371676
2024.08.27 00:00:00,63.0,63.25,60.2,60.63,674,1,223440
2024.08.26 00:00:00,62.25,63.71,62.03,62.94,615,1,250205
2024.08.23 00:00:00,61.71,61.95,58.18,60.88,764,1,497730
2024.08.22 00:00:00,63.77,64.5,61.36,61.71,757,1,460962
2024.08.21 00:00:00,64.3,64.58,63.2,63.8,637,1,249441
2024.08.20 00:00:00,64.51,65.36,62.86,64.43,636,1,429413
2024.08.19 00:00:00,64.9,65.34,63.35,64.5,750,1,523257
2024.08.16 00:00:00,65.5,66.97,64.53,65.37,680,1,299203
2024.08.15 00:00:00,67.06,67.97,65.22,65.45,717,1,395161
2024.08.14 00:00:00,68.38,69.9,67.2,67.24,683,1,456479
2024.08.13 00:00:00,66.84,68.65,66.61,68.37,742,1,311168
2024.08.12 00:00:00,66.44,67.02,65.8,66.83,646,1,203131
2024.08.09 00:00:00,66.2,67.0,65.95,66.52,621,1,184165
2024.08.08 00:00:00,67.14,67.48,65.8,66.4,747,1,468323
2024.08.07 00:00:00,65.95,69.47,64.3,67.11,799,1,2217666
2024.08.06 00:00:00,66.2,68.1,64.43,65.88,780,1,1019905
2024.08.05 00:00:00,64.33,67.75,63.5,65.74,800,1,1061044
2024.08.02 00:00:00,66.5,66.58,64.6,66.05,734,1,490980
2024.08.01 00:00:00,67.55,68.3,65.7,66.61,767,1,551524
2024.07.31 00:00:00,65.89,67.61,64.37,67.48,752,1,783362
2024.07.30 00:00:00,63.4,66.96,62.74,66.17,783,1,1370563
2024.07.29 00:00:00,67.13,67.28,63.18,63.3,793,1,1145662
2024.07.26 00:00:00,70.29,71.61,66.61,67.7,795,1,1373312
2024.07.25 00:00:00,67.71,71.0,67.11,70.46,799,1,1057883
2024.07.24 00:00:00,64.99,68.33,64.17,67.9,778,1,598501
2024.07.23 00:00:00,65.62,65.62,64.6,64.9,625,1,160152
2024.07.22 00:00:00,64.93,66.41,64.29,65.64,764,1,531148
2024.07.19 00:00:00,63.37,64.64,61.73,63.91,755,1,655489
2024.07.18 00:00:00,60.13,63.86,59.89,63.37,751,1,449994
2024.07.17 00:00:00,61.98,61.98,59.71,60.44,744,1,352794
2024.07.16 00:00:00,59.0,62.84,57.7,61.4,780,1,782591
2024.07.15 00:00:00,60.2,60.26,57.83,59.1,779,1,539123
2024.07.12 00:00:00,62.99,63.11,59.2,60.1,791,1,1018085
2024.07.11 00:00:00,57.28,62.8,57.22,62.77,802,1,1194693
2024.07.10 00:00:00,61.29,61.48,56.79,57.07,809,1,1669959
2024.07.09 00:00:00,65.65,66.0,61.22,61.5,800,1,1009761
2024.07.08 00:00:00,68.95,69.5,65.65,65.96,789,1,493861
2024.07.05 00:00:00,67.82,69.42,67.33,69.32,714,1,265002
2024.07.04 00:00:00,70.47,71.03,67.81,67.83,732,1,287816
2024.07.03 00:00:00,73.09,73.2,70.59,70.7,661,1,166646
2024.07.02 00:00:00,71.7,73.22,71.0,73.09,689,1,206705
2024.07.01 00:00:00,70.61,71.87,70.41,71.5,670,1,236133
2024.06.28 00:00:00,70.0,70.85,69.43,70.22,637,1,212576
2024.06.27 00:00:00,71.15,71.3,69.01,70.0,655,1,240930
2024.06.26 00:00:00,71.2,72.29,69.91,71.18,695,1,266588
2024.06.25 00:00:00,68.13,71.06,67.12,70.93,781,1,339183
2024.06.24 00:00:00,68.54,69.24,67.6,67.9,733,1,206889
2024.06.21 00:00:00,69.95,71.57,68.02,68.51,708,1,292934
2024.06.20 00:00:00,68.8,70.68,66.4,69.67,776,1,601539
2024.06.19 00:00:00,71.87,72.71,67.26,68.56,784,1,676056
2024.06.18 00:00:00,73.98,74.15,70.36,71.68,715,1,235453
2024.06.17 00:00:00,76.1,76.1,73.71,74.02,676,1,214915
2024.06.14 00:00:00,74.2,76.53,73.52,75.95,704,1,227013
2024.06.13 00:00:00,69.0,74.77,63.14,74.0,739,1,505025
2024.06.11 00:00:00,75.04,75.73,71.8,73.85,735,1,449151
2024.06.10 00:00:00,78.75,79.33,74.18,75.04,786,1,626882
2024.06.07 00:00:00,74.2,78.92,73.9,78.59,795,1,720922
2024.06.06 00:00:00,72.2,74.74,71.53,74.42,780,1,424963
2024.06.05 00:00:00,73.4,74.9,71.76,72.03,786,1,616096
2024.06.04 00:00:00,72.08,74.0,69.86,73.11,797,1,1042282
2024.06.03 00:00:00,68.51,72.17,65.5,72.08,809,1,1130489
2024.05.31 00:00:00,70.1,71.11,66.59,68.04,803,1,731593
2024.05.30 00:00:00,73.36,75.75,70.0,70.42,803,1,803761
2024.05.29 00:00:00,71.7,73.56,70.5,73.38,780,1,411558
2024.05.28 00:00:00,72.58,74.25,70.24,71.56,776,1,527887
2024.05.27 00:00:00,77.39,77.89,71.56,72.37,811,1,1429374
2024.05.24 00:00:00,79.89,80.61,77.17,77.41,759,1,253684
2024.05.23 00:00:00,81.17,81.48,79.51,79.84,649,1,186328
2024.05.22 00:00:00,78.72,81.54,78.64,81.17,775,1,387468
2024.05.21 00:00:00,79.6,80.54,77.16,78.62,780,1,364526
2024.05.20 00:00:00,83.2,83.79,78.41,79.88,804,1,551620
2024.05.17 00:00:00,82.28,83.75,81.8,83.15,733,1,222049
2024.05.16 00:00:00,82.98,82.99,81.68,82.17,745,1,186264
2024.05.15 00:00:00,84.58,85.81,81.2,82.74,798,1,637461
2024.05.14 00:00:00,85.76,86.15,83.86,84.33,684,1,144602
2024.05.13 00:00:00,84.16,85.99,83.74,85.63,735,1,201184
2024.05.10 00:00:00,83.32,84.85,82.6,83.69,676,1,113445
2024.05.08 00:00:00,85.76,86.24,83.04,83.32,770,1,410916
2024.05.07 00:00:00,81.14,86.17,80.99,85.68,803,1,1172177
2024.05.06 00:00:00,83.33,83.7,80.8,80.98,774,1,373844
2024.05.03 00:00:00,83.76,84.21,83.0,83.32,751,1,202696
2024.05.02 00:00:00,85.22,85.4,83.46,83.76,773,1,404872
2024.04.30 00:00:00,86.53,87.37,85.51,85.54,643,1,114887
2024.04.29 00:00:00,85.29,86.83,84.36,86.53,675,1,151976
2024.04.27 00:00:00,86.24,86.95,85.01,85.3,754,1,215904
2024.04.26 00:00:00,87.18,87.92,85.2,86.04,765,1,380955
2024.04.25 00:00:00,86.14,87.72,85.56,86.89,778,1,322840
2024.04.24 00:00:00,89.46,90.2,85.8,86.14,806,1,893615
2024.04.23 00:00:00,91.12,91.28,89.4,89.49,727,1,179854
2024.04.22 00:00:00,91.81,92.0,90.8,91.03,685,1,156791
2024.04.19 00:00:00,91.26,92.52,90.88,91.76,680,1,219302
2024.04.18 00:00:00,91.28,91.57,90.03,90.99,676,1,169872
2024.04.17 00:00:00,92.43,92.84,91.0,91.15,700,1,164021
2024.04.16 00:00:00,94.0,94.45,91.88,92.32,705,1,267178
2024.04.15 00:00:00,92.49,94.23,91.82,93.77,768,1,362734
2024.04.12 00:00:00,90.6,92.6,89.02,92.07,741,1,504339
2024.04.11 00:00:00,92.04,92.04,90.57,90.66,719,1,150818
2024.04.10 00:00:00,91.46,92.98,91.04,91.6,715,1,196280
2024.04.09 00:00:00,92.46,93.18,90.54,91.46,741,1,295652
2024.04.08 00:00:00,92.56,93.8,91.88,92.39,701,1,288907
2024.04.05 00:00:00,91.27,93.13,90.53,92.12,751,1,424383
2024.04.04 00:00:00,92.41,92.89,90.6,91.24,760,1,447418
2024.04.03 00:00:00,93.5,94.25,92.12,92.66,773,1,316679
2024.04.02 00:00:00,93.97,96.3,93.05,93.41,764,1,860808
2024.04.01 00:00:00,94.98,95.01,92.62,93.86,786,1,709255
2024.03.29 00:00:00,97.01,98.0,91.05,94.46,805,1,3506074
2024.03.28 00:00:00,94.4,97.77,94.05,96.44,789,1,1046007
2024.03.27 00:00:00,94.36,95.0,92.65,94.31,755,1,623437
2024.03.26 00:00:00,96.91,97.84,93.21,94.36,792,1,1431700
2024.03.25 00:00:00,91.05,96.4,91.05,96.4,811,1,2749343
2024.03.22 00:00:00,89.46,93.4,88.27,90.26,811,1,3745507
2024.03.21 00:00:00,84.58,88.85,84.42,88.56,796,1,775607
2024.03.20 00:00:00,84.14,86.6,82.52,84.42,762,1,640147
2024.03.19 00:00:00,83.19,86.31,82.5,83.62,767,1,773618
2024.03.18 00:00:00,84.01,84.36,82.28,82.95,722,1,204745
2024.03.15 00:00:00,83.69,85.2,83.51,83.76,681,1,176499
2024.03.14 00:00:00,85.04,85.3,82.84,83.78,706,1,346603
2024.03.13 00:00:00,85.69,86.7,84.95,85.15,728,1,202693
2024.03.12 00:00:00,86.65,86.68,85.32,85.61,689,1,153790
2024.03.11 00:00:00,87.28,87.64,86.32,86.56,696,1,191547
2024.03.07 00:00:00,87.0,87.64,85.75,86.64,716,1,227283
2024.03.06 00:00:00,87.2,87.77,86.41,87.26,693,1,187948
2024.03.05 00:00:00,89.11,89.28,86.31,87.31,764,1,301649
2024.03.04 00:00:00,87.81,89.64,87.42,88.96,783,1,402607
2024.03.01 00:00:00,88.68,88.89,86.61,87.6,775,1,404809
2024.02.29 00:00:00,85.31,88.84,84.84,87.75,732,1,658972
2024.02.28 00:00:00,85.44,86.76,84.6,85.14,661,1,319830
2024.02.27 00:00:00,86.28,86.47,83.8,85.26,683,1,298960
2024.02.26 00:00:00,84.6,86.99,83.85,86.14,757,1,509610
2024.02.22 00:00:00,81.95,85.61,81.28,82.81,765,1,639350
2024.02.21 00:00:00,84.65,88.05,79.72,81.62,800,1,1690750
2024.02.20 00:00:00,89.94,90.37,83.9,84.42,749,1,678720
2024.02.19 00:00:00,90.59,91.75,89.16,89.79,650,1,274510
2024.02.16 00:00:00,91.1,91.54,89.59,90.5,658,1,265740
2024.02.15 00:00:00,90.9,92.7,89.22,90.61,705,1,443620
2024.02.14 00:00:00,92.67,92.9,90.62,90.9,675,1,382740
2024.02.13 00:00:00,90.07,92.77,89.8,92.15,645,1,437160
2024.02.12 00:00:00,88.71,91.4,88.3,89.74,731,1,453530
2024.02.09 00:00:00,89.86,90.4,87.68,88.39,698,1,386570
2024.02.08 00:00:00,91.32,93.0,89.22,89.84,761,1,891170
2024.02.07 00:00:00,89.4,92.18,88.83,91.45,798,1,1146190
2024.02.06 00:00:00,86.49,89.67,85.96,89.18,750,1,543210
2024.02.05 00:00:00,85.15,87.18,85.15,86.34,650,1,274030
2024.02.02 00:00:00,86.63,86.63,85.13,85.43,679,1,236990
2024.02.01 00:00:00,87.78,87.9,86.07,86.63,721,1,261980
2024.01.31 00:00:00,87.0,88.05,86.67,87.51,640,1,281050
2024.01.30 00:00:00,86.9,87.6,86.24,86.77,629,1,249430
2024.01.29 00:00:00,86.19,87.23,86.0,86.48,666,1,266500
2024.01.26 00:00:00,85.81,86.88,85.1,85.78,654,1,247560
2024.01.25 00:00:00,87.75,87.93,85.04,85.66,737,1,381940
2024.01.24 00:00:00,88.36,89.3,87.21,87.74,636,1,368200
2024.01.23 00:00:00,89.4,89.4,87.25,88.15,658,1,282360
2024.01.22 00:00:00,87.25,89.4,87.25,88.84,705,1,323370
2024.01.19 00:00:00,87.62,88.39,85.82,87.25,672,1,469070
2024.01.18 00:00:00,89.08,89.9,87.32,87.52,764,1,956180
2024.01.17 00:00:00,86.17,88.43,85.5,88.39,760,1,793890
2024.01.16 00:00:00,86.0,87.5,84.51,85.72,705,1,475750
2024.01.15 00:00:00,85.16,85.85,84.42,85.75,742,1,446170
2024.01.12 00:00:00,84.07,86.49,84.0,84.55,726,1,517190
2024.01.11 00:00:00,84.76,85.46,83.0,84.06,752,1,524350
2024.01.10 00:00:00,84.62,87.72,83.48,84.52,771,1,1153630
2024.01.09 00:00:00,81.3,85.18,80.24,84.46,796,1,1530440
2024.01.08 00:00:00,79.5,81.5,78.4,80.84,724,1,360490
2024.01.05 00:00:00,80.87,81.06,79.03,79.41,701,1,271840
2024.01.04 00:00:00,81.93,82.09,80.31,80.72,670,1,287220
2024.01.03 00:00:00,78.4,81.57,78.34,81.27,713,1,362390
2023.12.29 00:00:00,78.81,79.36,77.44,77.8,727,1,356020
2023.12.28 00:00:00,81.16,81.34,78.52,78.81,751,1,622470
2023.12.27 00:00:00,82.98,84.61,80.7,80.97,802,1,1775100
2023.12.26 00:00:00,80.02,83.68,78.34,82.97,774,1,1280860
2023.12.25 00:00:00,78.51,81.3,78.5,79.93,727,1,814860
2023.12.22 00:00:00,77.76,79.72,77.53,78.2,713,1,566690
2023.12.21 00:00:00,79.07,79.8,76.75,77.46,734,1,739500
2023.12.20 00:00:00,80.26,80.94,78.54,79.07,740,1,592990
2023.12.19 00:00:00,79.23,81.77,78.11,79.82,790,1,1944860
2023.12.18 00:00:00,74.67,79.48,73.91,79.36,797,1,2241350
2023.12.15 00:00:00,68.01,75.8,67.81,74.35,805,1,1809150
2023.12.14 00:00:00,71.3,73.15,68.02,68.19,796,1,1228840
2023.12.13 00:00:00,67.2,71.29,67.0,70.92,768,1,1082800
2023.12.12 00:00:00,67.1,68.8,66.51,67.2,722,1,602370
2023.12.11 00:00:00,68.71,69.9,66.06,66.86,778,1,1002380
2023.12.08 00:00:00,69.58,71.46,68.1,68.38,757,1,1097980
2023.12.07 00:00:00,66.23,70.31,63.15,69.15,804,1,2002980
2023.12.06 00:00:00,69.46,70.5,64.4,66.06,803,1,1956940
2023.12.05 00:00:00,66.92,69.69,62.66,69.24,805,1,4000640
2023.12.04 00:00:00,74.72,74.95,65.77,66.61,808,1,3632210
2023.12.01 00:00:00,78.1,78.5,74.76,74.95,782,1,781390
2023.11.30 00:00:00,81.0,81.43,77.71,78.21,718,1,556770
2023.11.29 00:00:00,80.07,83.5,79.5,81.0,765,1,867080
2023.11.28 00:00:00,80.7,82.86,79.11,80.02,730,1,1003720
2023.11.27 00:00:00,83.68,83.68,77.38,80.67,807,1,1699520
2023.11.24 00:00:00,87.74,88.33,83.46,83.83,784,1,694480
2023.11.23 00:00:00,91.1,91.1,87.53,87.84,780,1,484020
2023.11.22 00:00:00,91.02,91.88,90.5,90.96,621,1,139330
2023.11.21 00:00:00,91.42,92.76,90.63,90.7,627,1,203900
2023.11.20 00:00:00,90.33,92.0,90.22,91.37,638,1,175110
2023.11.17 00:00:00,91.5,92.81,88.05,90.21,713,1,495810
2023.11.16 00:00:00,93.46,94.5,91.27,91.46,751,1,500570
2023.11.15 00:00:00,93.22,95.26,92.08,93.45,731,1,397770
2023.11.14 00:00:00,97.21,97.21,91.5,93.02,706,1,654840
2023.11.13 00:00:00,95.3,97.5,94.0,94.72,746,1,485640
2023.11.10 00:00:00,98.26,99.18,94.77,95.09,686,1,546060
2023.11.09 00:00:00,99.9,101.58,96.38,97.65,779,1,1243070
2023.11.08 00:00:00,92.66,100.44,92.01,99.42,769,1,2757250
2023.11.07 00:00:00,92.15,93.53,91.79,92.73,621,1,211990
2023.11.06 00:00:00,91.0,92.8,91.0,92.09,526,1,123140
2023.11.03 00:00:00,92.24,92.35,91.01,91.01,583,1,116600
2023.11.02 00:00:00,94.42,94.42,91.07,92.04,650,1,268680
2023.11.01 00:00:00,90.55,94.4,90.17,93.84,708,1,445260
2023.10.31 00:00:00,93.59,93.59,89.93,90.48,686,1,360870
2023.10.30 00:00:00,93.25,95.11,92.24,93.26,601,1,204780
2023.10.27 00:00:00,93.61,94.45,91.3,93.14,644,1,282350
2023.10.26 00:00:00,96.06,98.0,93.01,93.71,705,1,714230
2023.10.25 00:00:00,95.41,96.24,95.22,95.68,574,1,174930
2023.10.24 00:00:00,95.22,96.47,95.01,95.44,594,1,204840
2023.10.23 00:00:00,96.6,97.27,94.54,95.01,607,1,200100
2023.10.20 00:00:00,96.75,96.9,94.99,95.62,650,1,272990
2023.10.19 00:00:00,98.0,98.0,96.51,96.58,718,1,254430
2023.10.18 00:00:00,100.63,100.9,97.02,97.89,683,1,489150
2023.10.17 00:00:00,96.99,99.74,96.43,99.71,743,1,837770
2023.10.16 00:00:00,95.6,97.56,95.08,96.8,719,1,255510
2023.10.13 00:00:00,94.71,96.37,94.7,95.38,636,1,264970
2023.10.12 00:00:00,95.32,96.66,93.86,94.7,706,1,266930
2023.10.11 00:00:00,98.18,98.18,95.06,95.99,664,1,253700
2023.10.10 00:00:00,98.0,98.05,96.45,97.97,712,1,247450
2023.10.09 00:00:00,98.29,99.52,97.54,98.05,693,1,359680
2023.10.06 00:00:00,99.55,99.78,97.24,98.5,725,1,431940
2023.10.05 00:00:00,100.35,101.05,98.92,99.55,619,1,226380
2023.10.04 00:00:00,99.61,104.18,99.25,99.88,737,1,1207310
2023.10.03 00:00:00,99.95,102.82,97.21,100.03,667,1,647620
2023.10.02 00:00:00,104.13,104.62,99.55,100.12,760,1,677640
2023.09.29 00:00:00,105.02,105.75,102.0,103.7,731,1,660950
2023.09.28 00:00:00,98.98,104.99,98.75,104.96,807,1,1261920
2023.09.27 00:00:00,96.75,100.92,96.1,98.75,745,1,1074760
2023.09.26 00:00:00,98.01,98.37,95.38,96.37,721,1,422500
2023.09.25 00:00:00,96.5,99.0,93.81,97.78,759,1,920030
2023.09.22 00:00:00,91.1,97.44,89.44,96.1,785,1,780380
2023.09.21 00:00:00,93.54,95.44,90.51,90.87,786,1,732300
2023.09.20 00:00:00,95.41,99.0,88.8,94.13,773,1,2037620
2023.09.19 00:00:00,101.45,101.65,94.9,95.6,797,1,1341520
2023.09.18 00:00:00,106.0,106.25,99.91,102.14,779,1,919900
2023.09.15 00:00:00,101.9,106.0,97.46,105.37,775,1,859380
2023.09.14 00:00:00,110.1,110.1,86.53,103.1,799,1,2800320
2023.09.13 00:00:00,113.35,113.5,109.7,110.17,749,1,548510
2023.09.12 00:00:00,112.3,113.5,108.31,112.98,797,1,1302480
2023.09.11 00:00:00,112.0,114.0,109.24,109.98,805,1,1406250
2023.09.08 00:00:00,108.59,109.76,105.34,109.69,753,1,628470
2023.09.07 00:00:00,112.34,112.37,106.0,108.39,789,1,1268250
2023.09.06 00:00:00,110.51,111.79,108.68,111.2,801,1,943270
2023.09.05 00:00:00,111.81,111.94,109.57,110.26,791,1,734860
2023.09.04 00:00:00,112.41,112.97,110.2,111.72,805,1,1267440
2023.09.01 00:00:00,109.8,112.1,108.12,111.09,800,1,1192110
2023.08.31 00:00:00,111.18,111.19,108.33,109.44,792,1,600580
2023.08.30 00:00:00,112.77,112.97,110.0,110.94,783,1,474010
2023.08.29 00:00:00,112.4,112.76,110.5,112.38,780,1,861060
2023.08.28 00:00:00,112.89,113.48,111.29,112.4,792,1,781550
2023.08.25 00:00:00,114.33,114.34,112.03,112.74,787,1,649960
2023.08.24 00:00:00,112.31,114.51,111.81,114.22,678,1,284730
2023.08.23 00:00:00,116.0,116.31,111.0,111.87,789,1,745030
2023.08.22 00:00:00,116.61,118.79,114.39,115.79,775,1,941300
2023.08.21 00:00:00,113.43,117.4,113.43,116.5,800,1,1044670
2023.08.18 00:00:00,113.22,114.43,111.1,113.4,748,1,561080
2023.08.17 00:00:00,112.22,115.6,109.38,113.05,788,1,1595410
2023.08.16 00:00:00,111.06,111.77,101.02,107.81,776,1,1569940
2023.08.15 00:00:00,110.8,114.5,108.36,111.06,735,1,509630
2023.08.14 00:00:00,117.67,118.67,109.88,111.18,806,1,1103600
2023.08.11 00:00:00,111.32,118.2,111.2,116.97,803,1,1444050
2023.08.10 00:00:00,111.88,113.29,110.2,111.48,772,1,420080
2023.08.09 00:00:00,113.3,113.45,110.61,111.77,741,1,432470
2023.08.08 00:00:00,115.97,115.98,108.2,112.87,799,1,1013820
2023.08.07 00:00:00,112.42,119.22,112.0,115.82,809,1,2095510
2023.08.04 00:00:00,116.49,117.74,108.03,112.4,797,1,1373650
2023.08.03 00:00:00,122.2,125.0,111.3,115.94,810,1,3231560
2023.08.02 00:00:00,100.1,129.39,99.18,121.4,781,1,10865520
2023.08.01 00:00:00,88.25,100.5,86.02,99.94,810,1,3937810
2023.07.31 00:00:00,78.72,88.38,78.7,88.1,804,1,2317530
2023.07.28 00:00:00,78.53,78.55,77.8,78.25,703,1,267750
2023.07.27 00:00:00,78.06,79.1,77.59,78.5,696,1,471350
2023.07.26 00:00:00,78.85,78.91,76.55,77.59,699,1,467520
2023.07.25 00:00:00,78.46,79.12,76.66,78.5,750,1,611270
2023.07.24 00:00:00,73.81,79.36,73.52,77.89,801,1,1361890
2023.07.21 00:00:00,70.48,74.6,70.13,73.5,777,1,1041770
2023.07.20 00:00:00,70.98,71.5,69.54,70.13,738,1,357200
2023.07.19 00:00:00,71.43,71.92,70.12,70.84,692,1,276300
2023.07.18 00:00:00,71.41,72.28,70.97,71.2,728,1,458970
2023.07.17 00:00:00,68.35,72.0,68.01,71.41,751,1,1019080
2023.07.14 00:00:00,68.34,68.89,67.9,68.72,667,1,217760
2023.07.13 00:00:00,69.31,69.38,67.7,68.38,616,1,269940
2023.07.12 00:00:00,69.0,69.91,68.3,69.08,751,1,657080
2023.07.11 00:00:00,67.07,69.21,66.8,68.76,762,1,881140
2023.07.10 00:00:00,65.74,67.4,65.4,66.87,660,1,370590
2023.07.07 00:00:00,66.12,66.18,65.29,65.62,551,1,122330
2023.07.06 00:00:00,66.94,67.0,65.86,66.04,545,1,147460
2023.07.05 00:00:00,65.45,67.0,65.44,66.94,586,1,214030
2023.07.04 00:00:00,65.83,66.4,64.78,65.31,640,1,249830
2023.07.03 00:00:00,66.49,67.07,64.65,65.71,656,1,304850
2023.06.30 00:00:00,67.4,68.16,66.07,66.25,651,1,294440
2023.06.29 00:00:00,66.81,67.27,65.8,67.15,638,1,284930
2023.06.28 00:00:00,67.15,67.47,66.09,66.6,627,1,250370
2023.06.27 00:00:00,65.89,67.72,64.4,66.9,663,1,376790
2023.06.26 00:00:00,66.76,67.5,62.5,65.28,713,1,733080
2023.06.23 00:00:00,67.01,68.25,63.1,65.36,722,1,765160
2023.06.22 00:00:00,65.55,69.08,65.55,67.02,792,1,1883320
2023.06.21 00:00:00,62.83,65.47,62.4,65.27,782,1,670170
2023.06.20 00:00:00,63.14,63.14,61.0,62.32,678,1,378140
2023.06.19 00:00:00,63.38,63.8,62.25,62.91,622,1,251180
2023.06.16 00:00:00,63.9,64.8,63.06,63.17,665,1,337880
2023.06.15 00:00:00,65.05,65.21,63.02,63.85,715,1,431760
2023.06.14 00:00:00,64.85,66.0,63.5,64.95,707,1,624600
2023.06.13 00:00:00,61.78,64.86,61.5,64.86,756,1,626420
2023.06.09 00:00:00,61.82,62.25,61.01,61.18,615,1,231820
2023.06.08 00:00:00,62.94,63.17,60.55,61.69,749,1,409740
2023.06.07 00:00:00,63.49,64.5,61.6,62.62,741,1,471390
2023.06.06 00:00:00,60.15,63.5,57.33,63.39,790,1,1222910
2023.06.05 00:00:00,65.31,65.35,59.12,60.44,799,1,1446570
2023.06.02 00:00:00,62.61,65.45,62.12,63.93,797,1,1557410
2023.06.01 00:00:00,61.7,64.5,61.7,62.5,805,1,2421300
2023.05.31 00:00:00,55.7,62.18,54.73,61.57,809,1,3068470
2023.05.30 00:00:00,55.21,59.9,54.1,55.85,793,1,2047480
2023.05.29 00:00:00,55.1,57.29,54.64,56.92,776,1,1102950
2023.05.26 00:00:00,53.99,55.37,53.03,54.4,757,1,824010
2023.05.25 00:00:00,54.2,54.99,52.53,53.55,753,1,623320
2023.05.24 00:00:00,54.8,56.75,52.1,54.38,801,1,1876050
2023.05.23 00:00:00,48.29,54.45,48.2,54.3,788,1,2190080
2023.05.22 00:00:00,48.49,48.84,47.77,48.16,599,1,207190
2023.05.19 00:00:00,48.48,48.48,47.58,48.06,591,1,253860
2023.05.18 00:00:00,49.22,49.38,47.76,48.81,624,1,288090
2023.05.17 00:00:00,48.19,49.17,47.55,49.17,693,1,389070
2023.05.16 00:00:00,48.84,48.91,47.06,48.33,562,1,183610
2023.05.15 00:00:00,47.45,49.4,47.45,48.61,637,1,450370
2023.05.12 00:00:00,47.72,48.24,46.5,47.38,516,1,176250
2023.05.11 00:00:00,48.2,49.49,45.9,47.52,719,1,534050
2023.05.10 00:00:00,45.24,48.29,44.2,48.05,711,1,325700
2023.05.08 00:00:00,45.19,46.25,44.74,45.08,423,1,115690
2023.05.05 00:00:00,46.3,46.31,44.94,45.42,547,1,156860
2023.05.04 00:00:00,46.2,47.18,45.56,46.3,554,1,300510
2023.05.03 00:00:00,46.97,47.15,44.2,46.38,692,1,417580
2023.05.02 00:00:00,48.58,49.0,44.1,46.95,646,1,344050
2023.04.28 00:00:00,49.52,49.71,48.09,48.37,646,1,241470
2023.04.27 00:00:00,49.8,49.85,48.47,49.45,695,1,347660
2023.04.26 00:00:00,50.09,51.2,47.7,49.62,696,1,678080
2023.04.25 00:00:00,49.47,50.59,49.0,49.95,701,1,716010
2023.04.24 00:00:00,48.38,50.65,47.39,49.17,723,1,1369320
2023.04.21 00:00:00,47.56,48.72,46.6,48.38,668,1,369640
2023.04.20 00:00:00,48.0,48.73,46.56,47.41,685,1,440370
2023.04.19 00:00:00,45.75,49.76,45.5,47.8,797,1,3122090
2023.04.18 00:00:00,46.02,46.04,43.89,45.43,690,1,922920
2023.04.17 00:00:00,44.1,46.97,43.85,45.8,690,1,672930
2023.04.14 00:00:00,44.04,44.19,43.31,43.83,576,1,179020
2023.04.13 00:00:00,45.54,45.69,43.63,44.19,656,1,422860
2023.04.12 00:00:00,44.57,46.42,44.05,45.39,728,1,846050
2023.04.11 00:00:00,46.2,46.34,43.21,44.51,746,1,1094880
2023.04.10 00:00:00,48.4,51.42,45.59,46.13,801,1,4185780
2023.04.07 00:00:00,37.12,50.14,37.04,48.0,692,1,12773310
2023.04.06 00:00:00,37.67,37.72,37.11,37.16,500,1,98320
2023.04.05 00:00:00,37.14,37.59,36.29,37.57,589,1,251430
2023.04.04 00:00:00,37.5,37.67,36.87,37.14,566,1,146820
2023.04.03 00:00:00,37.15,37.57,37.0,37.5,514,1,124950
2023.03.31 00:00:00,37.58,37.65,36.7,37.05,556,1,187510
2023.03.30 00:00:00,37.75,37.78,37.35,37.59,542,1,121780
2023.03.29 00:00:00,37.35,37.76,37.2,37.73,551,1,119100
2023.03.28 00:00:00,37.75,37.85,36.71,37.38,568,1,163120
2023.03.27 00:00:00,37.13,37.88,37.1,37.75,617,1,213950
2023.03.24 00:00:00,37.13,37.3,36.6,37.08,505,1,135170
2023.03.23 00:00:00,36.18,37.19,36.1,37.13,567,1,217180
2023.03.22 00:00:00,36.5,36.5,35.81,36.17,550,1,134360
2023.03.21 00:00:00,36.46,37.0,35.62,36.5,610,1,305890
2023.03.20 00:00:00,35.52,36.78,35.41,36.37,683,1,458150
2023.03.17 00:00:00,34.99,35.45,34.9,35.28,559,1,233480
2023.03.16 00:00:00,35.25,35.28,34.5,34.93,454,1,85450
2023.03.15 00:00:00,34.97,35.49,34.42,35.23,583,1,252560
2023.03.14 00:00:00,35.09,35.15,34.6,34.88,565,1,135830
2023.03.13 00:00:00,34.59,35.58,34.06,35.1,596,1,375150
2023.03.10 00:00:00,34.95,35.0,34.47,34.58,497,1,129950
2023.03.09 00:00:00,34.89,35.48,34.4,34.96,493,1,207580
2023.03.07 00:00:00,34.19,35.5,34.04,34.72,453,1,413350
2023.03.06 00:00:00,33.78,34.39,33.74,34.05,422,1,173030
2023.03.03 00:00:00,33.67,33.94,33.5,33.72,344,1,42640
2023.03.02 00:00:00,33.75,33.8,32.91,33.35,375,1,129960
2023.03.01 00:00:00,33.77,34.02,33.69,33.75,334,1,52030
2023.02.28 00:00:00,33.76,33.98,33.55,33.84,324,1,72490
2023.02.27 00:00:00,33.35,33.7,33.22,33.68,315,1,63400
2023.02.24 00:00:00,33.54,33.55,33.03,33.39,273,1,46230
2023.02.22 00:00:00,33.19,33.51,32.88,33.25,261,1,71090
2023.02.21 00:00:00,32.98,33.89,32.66,33.1,332,1,147830
2023.02.20 00:00:00,32.5,32.86,32.0,32.76,324,1,76290
2023.02.17 00:00:00,32.5,32.64,31.77,32.55,350,1,91520
2023.02.16 00:00:00,32.34,32.91,32.25,32.48,341,1,78790
2023.02.15 00:00:00,33.34,33.34,32.2,32.28,408,1,173080
2023.02.14 00:00:00,34.09,34.12,32.61,33.34,437,1,219740
2023.02.13 00:00:00,34.0,34.7,33.9,34.09,395,1,186810
2023.02.10 00:00:00,33.94,34.02,33.75,33.91,356,1,58820
2023.02.09 00:00:00,33.95,34.07,33.69,33.8,344,1,59910
2023.02.08 00:00:00,34.11,34.33,33.89,33.94,394,1,116120
2023.02.07 00:00:00,34.23,34.3,34.03,34.09,344,1,91760
2023.02.06 00:00:00,34.34,34.41,34.01,34.16,428,1,89150
2023.02.03 00:00:00,34.15,34.77,34.08,34.29,401,1,173690
2023.02.02 00:00:00,34.21,34.24,33.89,34.06,376,1,76600
2023.02.01 00:00:00,34.08,34.29,33.96,34.07,416,1,124530
2023.01.31 00:00:00,33.96,34.19,33.6,33.91,421,1,146080
2023.01.30 00:00:00,33.88,34.07,33.2,33.6,427,1,216720
2023.01.27 00:00:00,33.97,34.2,33.3,33.85,294,1,122410
2023.01.26 00:00:00,33.9,34.09,33.87,33.89,273,1,39850
2023.01.25 00:00:00,34.05,34.09,33.85,33.92,297,1,48130
2023.01.24 00:00:00,34.21,34.35,34.05,34.06,310,1,53810
2023.01.23 00:00:00,34.09,34.5,33.81,34.13,351,1,112590
2023.01.20 00:00:00,34.23,34.57,33.85,34.01,339,1,80460
2023.01.19 00:00:00,34.71,34.87,33.91,34.04,413,1,173200
2023.01.18 00:00:00,34.83,35.4,34.01,34.7,440,1,352450
2023.01.17 00:00:00,34.0,36.15,34.0,34.63,484,1,870970
2023.01.16 00:00:00,33.94,34.12,33.71,33.94,473,1,189110
2023.01.13 00:00:00,33.81,33.95,33.76,33.8,438,1,100450
2023.01.12 00:00:00,34.16,34.18,33.5,33.79,443,1,143920
2023.01.11 00:00:00,34.55,34.79,33.06,34.09,506,1,508440
2023.01.10 00:00:00,34.91,35.75,34.64,35.15,431,1,223120
2023.01.09 00:00:00,33.91,35.1,33.91,34.92,471,1,283180
2023.01.06 00:00:00,33.91,34.14,33.8,33.91,286,1,54580
2023.01.05 00:00:00,34.14,34.19,33.75,33.87,280,1,52580
2023.01.04 00:00:00,34.39,34.39,34.01,34.09,261,1,47500
2023.01.03 00:00:00,33.79,34.38,33.69,34.23,348,1,118940
2022.12.30 00:00:00,33.68,33.91,33.12,33.68,412,1,134650
2022.12.29 00:00:00,33.9,33.92,32.8,33.68,471,1,615470
2022.12.28 00:00:00,34.28,35.19,33.76,33.95,466,1,403360
2022.12.27 00:00:00,33.59,34.45,33.51,34.28,461,1,277850
2022.12.26 00:00:00,32.34,34.37,32.24,33.6,484,1,483850
2022.12.23 00:00:00,32.82,33.33,32.15,32.36,428,1,242150
2022.12.22 00:00:00,33.76,33.79,32.42,32.52,468,1,287130
2022.12.21 00:00:00,34.15,34.21,33.41,33.54,372,1,88850
2022.12.20 00:00:00,34.52,34.69,33.7,33.9,440,1,272480
2022.12.19 00:00:00,35.39,35.46,34.35,34.61,385,1,265970
2022.12.16 00:00:00,33.41,36.4,32.61,35.13,429,1,972900
2022.12.15 00:00:00,33.9,33.92,33.33,33.44,401,1,124060
2022.12.14 00:00:00,33.85,34.68,33.58,33.94,392,1,204010
2022.12.13 00:00:00,34.1,34.97,33.31,33.79,451,1,450610
2022.12.12 00:00:00,34.99,35.2,33.24,33.51,484,1,534030
2022.12.09 00:00:00,37.99,37.99,34.31,34.83,522,1,1517650
2022.12.08 00:00:00,38.4,38.5,38.04,38.11,230,1,33870
2022.12.07 00:00:00,38.44,38.5,38.1,38.3,249,1,50770
2022.12.06 00:00:00,38.42,38.98,38.15,38.42,263,1,70350
2022.12.05 00:00:00,38.27,38.67,38.02,38.34,290,1,71840
2022.12.02 00:00:00,38.88,39.45,38.03,38.24,350,1,195940
2022.12.01 00:00:00,38.28,39.3,38.0,38.4,353,1,276570
2022.11.30 00:00:00,38.3,38.45,37.24,38.0,387,1,177300
2022.11.29 00:00:00,38.76,38.83,38.2,38.3,436,1,178750
2022.11.28 00:00:00,39.8,39.81,38.34,38.49,471,1,245010
2022.11.25 00:00:00,40.26,40.4,39.7,39.81,306,1,74610
2022.11.24 00:00:00,40.39,40.58,40.0,40.2,292,1,100440
2022.11.23 00:00:00,39.69,40.26,39.51,40.0,351,1,82260
2022.11.22 00:00:00,39.68,39.93,39.02,39.64,283,1,75900
2022.11.21 00:00:00,40.64,40.64,39.38,39.58,391,1,126230
2022.11.18 00:00:00,40.98,41.13,40.31,40.6,389,1,80400
2022.11.17 00:00:00,40.15,41.0,39.97,40.8,376,1,139410
2022.11.16 00:00:00,39.75,40.69,39.51,40.07,361,1,136000
2022.11.15 00:00:00,40.02,41.32,39.0,39.92,436,1,283810
2022.11.14 00:00:00,39.24,40.49,39.03,39.81,398,1,193270
2022.11.11 00:00:00,39.0,40.2,38.71,38.9,355,1,88900
2022.11.10 00:00:00,39.24,39.44,38.6,39.04,432,1,201540
2022.11.09 00:00:00,40.72,40.88,38.51,38.66,447,1,325450
2022.11.08 00:00:00,38.62,42.88,38.42,40.72,490,1,915480
2022.11.07 00:00:00,38.2,38.6,37.87,38.39,337,1,104260
2022.11.03 00:00:00,38.01,38.27,37.3,38.01,386,1,86820
2022.11.02 00:00:00,38.89,38.89,38.01,38.16,377,1,129010
2022.11.01 00:00:00,37.64,39.53,37.62,38.64,356,1,385860
2022.10.31 00:00:00,38.0,38.49,37.32,37.46,316,1,74730
2022.10.28 00:00:00,38.34,38.51,36.7,37.98,367,1,158440
2022.10.27 00:00:00,37.58,38.66,37.44,38.34,463,1,191590
2022.10.26 00:00:00,37.04,37.7,36.62,37.32,456,1,440150
2022.10.25 00:00:00,36.4,36.95,36.06,36.45,443,1,161490
2022.10.24 00:00:00,36.31,37.4,36.05,36.37,429,1,200830
2022.10.21 00:00:00,36.4,36.54,35.82,36.08,384,1,92430
2022.10.20 00:00:00,35.92,36.99,35.67,36.17,423,1,170960
2022.10.19 00:00:00,35.61,36.1,35.0,35.53,415,1,158760
2022.10.18 00:00:00,36.5,36.7,35.75,36.02,411,1,158500
2022.10.17 00:00:00,35.6,36.44,35.41,36.21,441,1,124780
2022.10.14 00:00:00,36.48,36.78,35.2,35.61,448,1,139370
2022.10.13 00:00:00,37.0,37.62,35.6,36.38,487,1,319340
2022.10.12 00:00:00,35.9,37.0,35.77,36.85,428,1,166440
2022.10.11 00:00:00,35.12,35.87,34.8,35.75,419,1,158680
2022.10.10 00:00:00,31.08,35.39,31.07,34.66,413,1,212500
2022.10.07 00:00:00,33.87,34.16,33.0,33.84,413,1,230490
2022.10.06 00:00:00,33.8,34.5,32.32,33.2,415,1,168050
2022.10.05 00:00:00,34.2,34.5,31.02,33.65,469,1,357380
2022.10.04 00:00:00,32.86,34.5,32.54,34.18,502,1,312410
2022.10.03 00:00:00,30.75,33.3,30.57,32.2,487,1,313130
2022.09.30 00:00:00,31.39,31.9,30.04,30.39,482,1,372910
2022.09.29 00:00:00,30.45,31.77,29.8,31.0,479,1,385300
2022.09.28 00:00:00,30.6,32.0,29.5,29.56,416,1,183090
2022.09.27 00:00:00,30.99,30.99,29.34,30.47,435,1,188170
2022.09.26 00:00:00,30.89,31.4,27.87,29.37,503,1,584910
2022.09.23 00:00:00,34.2,34.85,31.0,31.52,494,1,392310
2022.09.22 00:00:00,33.21,35.92,32.52,34.66,497,1,383290
2022.09.21 00:00:00,30.02,35.5,27.0,33.67,505,1,857800
2022.09.20 00:00:00,39.0,39.7,33.32,33.9,521,1,1272030
2022.09.19 00:00:00,38.06,39.0,37.9,38.89,454,1,182570
2022.09.16 00:00:00,38.69,39.48,37.57,38.21,492,1,403760
2022.09.15 00:00:00,37.76,38.88,37.58,38.57,489,1,367440
2022.09.14 00:00:00,37.89,37.89,37.33,37.35,387,1,158590
2022.09.13 00:00:00,37.82,38.1,37.21,37.78,467,1,265080
2022.09.12 00:00:00,37.02,38.39,36.9,37.56,494,1,382860
2022.09.09 00:00:00,36.43,37.46,36.43,36.81,492,1,370020
2022.09.08 00:00:00,37.38,38.4,36.11,36.32,490,1,469800
2022.09.07 00:00:00,38.49,39.9,36.3,37.5,518,1,1045050
2022.09.06 00:00:00,37.75,40.3,35.95,37.98,525,1,1944180
2022.09.05 00:00:00,35.7,38.4,35.21,37.45,522,1,1002270
2022.09.02 00:00:00,34.49,35.92,34.42,35.15,506,1,562840
2022.09.01 00:00:00,33.06,34.85,32.71,34.4,508,1,622620
2022.08.31 00:00:00,32.72,33.48,31.1,33.06,451,1,383130
2022.08.30 00:00:00,32.35,33.59,31.51,32.72,513,1,758380
2022.08.29 00:00:00,29.89,32.4,29.87,32.37,515,1,1118490
2022.08.26 00:00:00,30.1,30.45,29.8,29.87,339,1,95050
2022.08.25 00:00:00,29.6,30.5,29.09,29.89,379,1,133530
2022.08.24 00:00:00,30.01,30.01,29.51,29.62,318,1,60220
2022.08.23 00:00:00,29.95,30.08,29.6,29.79,385,1,84740
2022.08.22 00:00:00,29.91,30.26,29.21,29.83,390,1,191640
2022.08.19 00:00:00,30.77,30.95,28.99,29.82,451,1,363620
2022.08.18 00:00:00,31.16,31.3,30.45,30.7,371,1,142470
2022.08.17 00:00:00,30.45,31.7,30.45,31.14,442,1,360610
2022.08.16 00:00:00,30.81,31.04,30.4,30.45,444,1,150230
2022.08.15 00:00:00,31.8,32.4,30.33,30.72,507,1,475340
2022.08.12 00:00:00,29.77,32.37,29.53,31.24,484,1,1352050
2022.08.11 00:00:00,29.48,30.3,28.8,29.54,507,1,821310
2022.08.10 00:00:00,28.0,30.33,27.91,28.97,515,1,1455950
2022.08.09 00:00:00,25.2,28.1,25.07,27.77,489,1,395200
2022.08.08 00:00:00,26.47,26.51,24.75,25.27,409,1,215910
2022.08.05 00:00:00,26.74,26.78,25.5,25.67,447,1,174740
2022.08.04 00:00:00,27.14,27.29,26.7,26.8,311,1,90810
2022.08.03 00:00:00,27.31,27.88,26.83,27.08,342,1,159650
2022.08.02 00:00:00,28.02,28.02,27.27,27.31,346,1,141620
2022.08.01 00:00:00,28.1,28.49,27.75,27.85,368,1,135900
2022.07.29 00:00:00,28.99,29.19,27.93,28.0,405,1,219330
2022.07.28 00:00:00,29.09,29.7,28.71,28.86,325,1,168160
2022.07.27 00:00:00,29.25,29.89,28.85,29.01,341,1,101580
2022.07.26 00:00:00,29.31,29.37,28.8,29.0,375,1,97190
2022.07.25 00:00:00,28.73,29.38,28.6,29.24,341,1,106870
2022.07.22 00:00:00,28.49,29.65,28.38,28.61,356,1,168370
2022.07.21 00:00:00,28.77,29.03,27.98,28.26,333,1,99760
2022.07.20 00:00:00,28.29,29.08,27.91,28.78,316,1,78440
2022.07.19 00:00:00,28.64,28.69,27.7,27.89,300,1,93070
2022.07.18 00:00:00,29.18,29.66,28.0,28.63,343,1,112380
2022.07.15 00:00:00,28.8,29.39,28.25,29.37,329,1,93030
2022.07.14 00:00:00,28.49,28.99,27.7,28.8,378,1,142590
2022.07.13 00:00:00,29.79,30.46,27.56,28.49,389,1,140920
2022.07.12 00:00:00,29.53,30.99,28.44,29.22,386,1,227190
2022.07.11 00:00:00,30.63,30.67,29.71,29.94,350,1,112970
2022.07.08 00:00:00,30.59,30.77,30.27,30.5,315,1,69580
2022.07.07 00:00:00,30.64,31.08,30.2,30.41,384,1,91730
2022.07.06 00:00:00,30.92,31.21,30.39,30.66,439,1,127960
2022.07.05 00:00:00,31.61,31.68,30.69,31.06,438,1,160000
2022.07.04 00:00:00,31.95,33.3,31.2,31.72,496,1,681120
2022.07.01 00:00:00,29.74,31.55,28.18,31.2,438,1,299120
2022.06.30 00:00:00,30.97,31.19,27.0,30.0,400,1,161340
2022.06.29 00:00:00,31.1,31.12,30.35,30.75,345,1,91650
2022.06.28 00:00:00,31.68,31.7,30.72,30.86,378,1,132800
2022.06.27 00:00:00,31.8,32.0,31.43,31.55,347,1,110490
2022.06.24 00:00:00,31.81,32.0,31.33,31.53,335,1,135110
2022.06.23 00:00:00,31.73,32.28,31.24,31.88,343,1,157720
2022.06.22 00:00:00,31.8,32.58,31.24,31.43,360,1,164690
2022.06.21 00:00:00,32.88,33.73,31.37,31.7,452,1,435090
2022.06.20 00:00:00,31.94,32.3,31.28,32.3,327,1,115020
2022.06.17 00:00:00,31.8,32.0,31.32,31.34,290,1,78560
2022.06.16 00:00:00,31.93,31.99,31.33,31.68,366,1,143090
2022.06.15 00:00:00,32.69,32.69,31.4,31.5,387,1,164420
2022.06.14 00:00:00,31.98,33.97,31.74,32.01,486,1,431260
2022.06.10 00:00:00,31.21,32.95,30.85,31.81,407,1,279430
2022.06.09 00:00:00,31.98,31.98,31.06,31.16,216,1,45060
2022.06.08 00:00:00,31.31,33.77,31.01,31.54,327,1,219770
2022.06.07 00:00:00,31.04,31.5,30.47,31.15,274,1,81210
2022.06.06 00:00:00,31.51,31.84,30.55,30.73,293,1,98670
2022.06.03 00:00:00,32.7,33.0,31.0,31.49,338,1,90260
2022.06.02 00:00:00,31.11,33.97,30.16,32.7,344,1,168100
2022.06.01 00:00:00,31.45,31.97,30.75,31.28,260,1,64900
2022.05.31 00:00:00,32.59,32.85,31.33,31.55,416,1,138810
2022.05.30 00:00:00,30.49,33.75,30.49,32.23,459,1,338120
2022.05.27 00:00:00,31.05,31.37,30.06,30.47,322,1,91210
2022.05.26 00:00:00,31.48,31.5,30.56,30.83,359,1,108180
2022.05.25 00:00:00,32.27,32.4,31.0,31.77,276,1,64800
2022.05.24 00:00:00,32.51,33.11,31.4,32.02,306,1,60440
2022.05.23 00:00:00,32.95,33.97,32.48,32.5,283,1,62380
2022.05.20 00:00:00,33.4,33.77,32.5,32.8,311,1,69300
2022.05.19 00:00:00,34.11,34.2,33.0,33.3,258,1,57100
2022.05.18 00:00:00,34.65,34.97,34.13,34.22,320,1,79800
2022.05.17 00:00:00,34.1,35.49,34.08,34.65,408,1,156220
2022.05.16 00:00:00,32.81,35.16,32.1,34.18,381,1,248500
2022.05.13 00:00:00,33.97,33.97,32.71,32.76,309,1,122640
2022.05.12 00:00:00,34.05,34.38,33.25,33.39,283,1,61190
2022.05.11 00:00:00,34.09,34.65,33.32,34.05,324,1,65800
2022.05.06 00:00:00,34.69,34.75,32.85,33.65,394,1,164210
2022.05.05 00:00:00,35.4,35.45,33.88,34.41,389,1,161080
2022.05.04 00:00:00,36.39,36.48,34.54,35.01,334,1,79660
2022.04.29 00:00:00,35.77,36.99,35.2,35.98,417,1,128230
2022.04.28 00:00:00,36.19,37.41,35.13,35.38,419,1,203030
2022.04.27 00:00:00,35.89,37.19,35.01,35.65,464,1,230210
2022.04.26 00:00:00,32.83,36.2,32.73,35.0,481,1,261820
2022.04.25 00:00:00,34.4,34.4,32.1,32.72,380,1,112220
2022.04.22 00:00:00,35.16,35.48,34.01,34.4,375,1,78650
2022.04.21 00:00:00,36.09,36.5,34.5,34.6,405,1,220230
2022.04.20 00:00:00,36.52,37.32,35.09,36.03,439,1,148300
2022.04.19 00:00:00,38.49,39.35,34.12,36.41,497,1,349510
2022.04.18 00:00:00,36.81,39.66,36.34,38.24,500,1,528600
2022.04.15 00:00:00,36.0,38.4,34.12,36.37,514,1,592100
2022.04.14 00:00:00,33.9,37.0,32.8,36.17,513,1,1055560
2022.04.13 00:00:00,31.01,33.94,30.45,33.88,404,1,247280
2022.04.12 00:00:00,32.26,32.85,30.0,31.1,380,1,215190
2022.04.11 00:00:00,36.33,36.33,32.02,32.19,399,1,151800
2022.04.08 00:00:00,36.55,36.64,32.76,34.11,461,1,224570
2022.04.07 00:00:00,35.08,39.12,34.1,35.93,501,1,671840
2022.04.06 00:00:00,29.81,36.6,28.51,33.78,484,1,1146640
2022.04.05 00:00:00,30.97,31.96,28.59,29.78,406,1,271520
2022.04.04 00:00:00,28.98,30.5,28.03,29.83,437,1,313000
2022.04.01 00:00:00,26.24,27.49,26.24,27.05,234,1,69930
2022.03.31 00:00:00,27.77,27.99,25.4,26.88,302,1,101600
2022.03.30 00:00:00,27.5,28.59,26.05,26.92,165,1,97360
2022.03.29 00:00:00,21.99,29.08,21.21,25.2,206,1,133950
2022.03.28 00:00:00,21.3,24.8,17.5,21.2,213,1,376140
2022.02.25 00:00:00,17.0,22.0,16.14,20.5,391,1,218860
2022.02.24 00:00:00,22.03,22.96,14.69,16.13,375,1,278810
2022.02.22 00:00:00,25.35,25.99,21.5,24.45,352,1,204840
2022.02.21 00:00:00,27.83,28.52,23.49,25.47,357,1,380660
2022.02.18 00:00:00,29.01,29.47,27.92,28.03,156,1,37240
2022.02.17 00:00:00,29.55,29.59,28.7,29.0,149,1,24230
2022.02.16 00:00:00,29.97,31.04,28.81,29.36,327,1,81860
2022.02.15 00:00:00,27.98,31.04,27.98,29.69,241,1,124860
2022.02.14 00:00:00,28.51,28.87,27.78,28.2,223,1,105140
2022.02.11 00:00:00,29.8,30.99,28.52,29.06,233,1,102770
2022.02.10 00:00:00,29.22,30.0,29.04,29.74,202,1,65240
2022.02.09 00:00:00,28.98,29.3,28.66,29.04,180,1,44970
2022.02.08 00:00:00,27.98,28.97,27.63,28.71,176,1,57960
2022.02.07 00:00:00,27.92,27.92,27.21,27.59,249,1,29100
2022.02.04 00:00:00,27.58,27.58,26.66,27.46,185,1,44790
2022.02.03 00:00:00,27.84,27.85,26.96,27.34,106,1,20720
2022.02.02 00:00:00,28.02,28.25,27.31,27.79,146,1,29850
2022.02.01 00:00:00,28.38,28.4,27.73,27.79,148,1,39390
2022.01.31 00:00:00,27.91,27.97,27.4,27.88,278,1,49380
2022.01.28 00:00:00,27.6,28.16,27.32,27.32,136,1,24300
2022.01.27 00:00:00,27.0,28.28,26.98,27.5,238,1,42960
2022.01.26 00:00:00,27.45,27.77,25.8,27.18,254,1,115190
2022.01.25 00:00:00,28.48,28.8,26.65,26.89,254,1,120090
2022.01.24 00:00:00,29.08,29.37,27.06,27.85,307,1,134260
2022.01.21 00:00:00,29.99,29.99,28.5,28.95,247,1,117890
2022.01.20 00:00:00,30.48,31.9,28.75,29.54,342,1,252680
2022.01.19 00:00:00,28.52,30.7,27.59,30.29,326,1,182720
2022.01.18 00:00:00,31.49,32.28,28.91,29.07,437,1,868100
2022.01.17 00:00:00,28.31,31.49,27.77,31.36,408,1,676100
2022.01.14 00:00:00,28.56,29.2,27.68,28.3,253,1,133970
2022.01.13 00:00:00,29.8,30.61,28.11,28.9,259,1,107650
2022.01.12 00:00:00,28.99,29.39,28.33,29.39,188,1,73670
2022.01.11 00:00:00,28.0,28.93,27.52,28.47,289,1,59070
2022.01.10 00:00:00,28.95,29.4,27.83,28.14,194,1,56530
2022.01.06 00:00:00,28.77,29.16,27.91,28.84,246,1,86420
2022.01.05 00:00:00,28.35,29.86,28.35,29.37,357,1,154110
2022.01.04 00:00:00,27.4,28.3,27.4,28.3,166,1,35640
2022.01.03 00:00:00,27.1,28.0,27.09,27.65,147,1,45680
2021.12.30 00:00:00,27.17,27.9,26.64,27.19,146,1,24170
2021.12.29 00:00:00,26.83,27.14,26.71,26.84,114,1,13460
2021.12.28 00:00:00,26.8,27.2,26.73,26.86,128,1,56200
2021.12.27 00:00:00,26.56,27.0,26.56,26.85,129,1,31980
2021.12.24 00:00:00,26.55,27.0,26.55,26.66,115,1,80130
2021.12.23 00:00:00,26.85,26.96,26.66,26.68,129,1,25770
2021.12.22 00:00:00,26.5,27.19,26.5,26.86,158,1,62070
2021.12.21 00:00:00,26.93,27.44,26.57,26.77,236,1,170710
2021.12.20 00:00:00,28.29,28.29,26.68,26.72,239,1,73030
2021.12.17 00:00:00,26.89,28.34,26.43,28.34,178,1,120330
2021.12.16 00:00:00,26.98,27.39,26.8,27.1,138,1,21680
2021.12.15 00:00:00,26.84,27.24,26.51,26.82,127,1,21990
2021.12.14 00:00:00,26.7,27.49,26.0,26.85,208,1,89570
2021.12.13 00:00:00,26.77,28.41,26.02,26.64,269,1,162820
2021.12.10 00:00:00,26.23,27.16,26.19,26.64,170,1,32570
2021.12.09 00:00:00,26.82,26.84,26.22,26.4,111,1,19270
2021.12.08 00:00:00,26.8,27.37,26.6,26.61,109,1,25910
2021.12.07 00:00:00,26.93,27.7,26.66,26.85,123,1,26520
2021.12.06 00:00:00,27.01,27.01,26.2,26.91,217,1,46080
2021.12.03 00:00:00,26.53,27.2,26.53,27.0,128,1,38400
2021.12.02 00:00:00,26.36,27.68,26.26,26.51,146,1,36880
2021.12.01 00:00:00,26.02,26.94,25.71,26.4,134,1,44570
2021.11.30 00:00:00,26.54,26.86,25.9,26.25,146,1,33480
2021.11.29 00:00:00,26.61,27.31,26.58,26.7,177,1,50590
2021.11.26 00:00:00,27.21,27.3,26.0,26.47,211,1,44930
2021.11.25 00:00:00,27.5,27.8,27.15,27.54,181,1,40010
2021.11.24 00:00:00,26.37,27.5,25.69,27.39,224,1,270710
2021.11.23 00:00:00,26.0,27.21,25.37,26.21,231,1,76840
2021.11.22 00:00:00,25.88,26.27,24.93,26.01,300,1,246460
2021.11.19 00:00:00,25.9,26.96,25.7,26.09,279,1,105500
2021.11.18 00:00:00,27.21,27.27,25.55,25.73,243,1,74940
2021.11.17 00:00:00,27.25,27.7,26.96,27.2,152,1,34750
2021.11.16 00:00:00,26.79,27.86,26.61,26.8,199,1,73660
2021.11.15 00:00:00,27.02,27.36,26.52,27.11,174,1,34470
2021.11.12 00:00:00,27.61,28.73,26.2,27.23,258,1,109370
2021.11.11 00:00:00,28.61,28.61,27.38,27.9,204,1,60740
2021.11.10 00:00:00,28.7,29.25,28.3,28.39,279,1,146250
2021.11.09 00:00:00,27.47,28.95,26.8,28.4,352,1,185680
2021.11.08 00:00:00,25.75,28.11,25.73,27.48,414,1,309210
2021.11.05 00:00:00,25.38,25.94,25.07,25.74,196,1,33900
2021.11.03 00:00:00,26.6,26.6,24.66,25.79,411,1,274170
2021.11.02 00:00:00,26.66,27.67,25.68,26.46,324,1,190960
2021.11.01 00:00:00,26.88,27.11,26.34,27.01,260,1,134160
2021.10.29 00:00:00,27.47,27.79,26.51,26.73,275,1,138820
2021.10.28 00:00:00,28.24,28.24,26.05,27.35,361,1,184940
2021.10.27 00:00:00,28.65,28.65,27.57,28.0,242,1,81430
